PRAGMA foreign_keys = ON;

--Pessoas
INSERT INTO Pessoa VALUES (111111111, 'Omari Mclean', '88-08-09', 931111111, 'omarimclean@gmail.com');
INSERT INTO Pessoa VALUES (222222222, 'Kia Dunlap', '90-12-25', 932222222, 'kiadunlap@gmail.com');
INSERT INTO Pessoa VALUES (333333333, 'Renzo Hodge', '66-03-13', 933333333, 'renzohodge@gmail.com');
INSERT INTO Pessoa VALUES (444444444, 'Margaret Dixon', '78-10-03', 934444444, 'margaretdixon@gmail.com');
INSERT INTO Pessoa VALUES (555555555, 'Aiysha Beil', '69-02-28', 935555555, 'aiyshabeil@gmail.com');
INSERT INTO Pessoa VALUES (666666666, 'Kaine Hudson', '87-05-12', 936666666, 'kainehudson@gmail.com');
INSERT INTO Pessoa VALUES (777777777, 'Mercy Williamson', '99-07-21', 937777777, 'mercywilliamson@gmail.com');
INSERT INTO Pessoa VALUES (888888888, 'Quinn Cousins', '79-01-31', 938888888, 'quinncousins2gmail.com');
INSERT INTO Pessoa VALUES (999999999, 'Chloe-Louise Garner', '90-11-13', 939999999, 'chloelouisegarner@gmail.com');
INSERT INTO Pessoa VALUES (111111112, 'Mariella Morales', '80-07-20', 911111111, 'mariellamorales@gmail.com');
INSERT INTO Pessoa VALUES (111111113, 'Moesha Adkins', '99-03-12', 912222222, 'moeshaadkins@gmail.com');
INSERT INTO Pessoa VALUES (111111114, 'Hadi Booth', '65-02-28', 913333333, 'hadibooth@gmail.com'); 
INSERT INTO Pessoa VALUES (111111115, 'Jessica Herring', '69-01-31', 914444444, 'jessicaherring@gmail.com'); 
INSERT INTO Pessoa VALUES (111111116, 'Shani Weir', '96-07-01', 915555555, 'shaniweir@gmail.com'); 
INSERT INTo Pessoa VALUES (111111117, 'Darcie Tillman', '90-04-15', 916666666, 'darcietillman@gmailcom');
INSERT INTO Pessoa VALUES (111111118, 'Robbie Meyers', '88-06-18', 917777777, 'robbiemeyers@gmail.com');
INSERT INTO Pessoa VALUES (111111119, 'Frederick Livingston', '74-12-03', 918888888, 'fredericklivingston@gmail.com');
INSERT INTO Pessoa VALUES (222222221, 'Elissa Mcfadden', '75-11-28', 916666667, 'elissamcfadden@gmail.com'); 
INSERT INTO Pessoa VALUES (222222223, 'Sydney Klein', '65-05-12', 919999999, 'sydneyklein@gmail.com');
INSERT INTO Pessoa VALUES (222222224, 'Virgil Adam', '85-11-05', 932111111, 'virgiladam@gmail.com');
INSERT into Pessoa VALUES (222222225, 'Harriet Preece', '85-05-06', 933111111, 'harrietpreece@sapo.pt');

INSERT into Pessoa VALUES (222222226, 'Korey Sinclair', '87-09-27', 934111111, 'koreysinclair@gmail.com');
INSERT into Pessoa VALUES (222222227, 'Gertrude Curtis', '90-04-19', 935111111, 'gertrudecurtis@gmail.com');
INSERT into Pessoa VALUES (222222228, 'Lilia Lyons', '68-04-28', 936111111, 'lilialyons@gmail.com');
INSERT into Pessoa VALUES (222222229, 'Willis Dotson', '92-04-20', 937111111, 'willisdotson@gmail.com');
INSERT into Pessoa VALUES (333333331, 'Arthur Mcclain', '99-05-06', 938111111, 'arthurmcclain@gmail.com');
INSERT into Pessoa VALUES (333333332, 'Angharad Suarez', '89-09-08', 939111111, 'angharadsuarez@gmail.com');
INSERT into Pessoa VALUES (333333334, 'Issa Jensen', '97-12-10', 931111112, 'issajensen@gmail.com');
INSERT into Pessoa VALUES (333333335, 'Bea Stafford', '92-06-07', 931111113, 'beastafford@gmail.com');
INSERT into Pessoa VALUES (333333336, 'Leonardo Daugherty', '93-09-10', 931111114, 'leonardodaugherty@gmail.com');
INSERT into Pessoa VALUES (333333337, 'Umaiza Farrell', '92-12-18', 931111115, 'umaizafarrell@gmail.com');
INSERT into Pessoa VALUES (333333338, 'Roksana Povey', '91-10-03', 931111116, 'roksanapovey@gmail.com');
INSERT into Pessoa VALUES (333333339, 'Jarred Cochran', '90-05-05', 931111117, 'jarredcochran@gmail.com');
INSERT into Pessoa VALUES (444444441, 'Elyse Dodd', '90-06-06', 931111118, 'elysedodd@gmail.com');
INSERT into Pessoa VALUES (444444442, 'Leticia Peck', '93-05-08', 931111119, 'leticiapeck@gmail.com');
INSERT into Pessoa VALUES (444444443, 'Cinar Ayala', '98-10-01', 921111111, 'cinarayala@gmail.com');
INSERT into Pessoa VALUES (444444445, 'Faraz Smyth', '99-11-06', 922222222, 'farazsmyth@gmail.com');
INSERT into Pessoa VALUES (444444446, 'Emil Schaefer', '80-09-09', 923333333, 'emilschaefer@gmail.com');
INSERT into Pessoa VALUES (444444447, 'Sanaa Lara', '78-03-03', 924444444, 'sanaalara@gmail.com');
                           
--Clientes
INSERT INTO Cliente VALUES (666666666);
INSERT into Cliente VALUES (777777777);
INSERT INto Cliente VALUES (888888888);
INSERT INTO Cliente VALUES (999999999);
INSERT INTO Cliente VALUES (111111112);
INSERT INTO Cliente VALUES (111111115);

--Funcionarios
INSERT INTO Funcionario VALUES (1, 111111111, 1100);
INSERT INTO Funcionario VALUES (2, 444444444, 999);
INSERT INTO Funcionario VALUES (3, 111111118, 856);
INSERT INTO Funcionario VALUES (4, 111111113, 874);
INSERT INTO Funcionario VALUES (5, 222222221, 1111);
INSERT INTO Funcionario VALUES (6, 111111114, 756);
INSERT INTO Funcionario VALUES (7, 222222224, 800);
INSERT INTO Funcionario VALUES (8, 111111117, 988);
INSERT INTO Funcionario VALUES (9, 222222223, 1000);
INSERT into Funcionario VALUES (10, 333333333, 1020);
INSERT INTO Funcionario VALUES (11, 555555555, 856);
INSERT into Funcionario VALUES (12, 222222225, 1225);
INSERT INTO Funcionario VALUES (13, 111111119, 900);
INSERT into Funcionario VALUES (14, 222222222, 900);
INSERT into Funcionario VALUES (15, 111111116, 900);
INSERT into Funcionario VALUES (16, 222222226, 900);
INSERT into Funcionario VALUES (17, 222222227, 900);
INSERT into Funcionario VALUES (18, 222222228, 900);
INSERT into Funcionario VALUES (19, 222222229, 900);
INSERT into Funcionario VALUES (20, 333333331, 900);
INSERT into Funcionario VALUES (21, 333333332, 900);
INSERT into Funcionario VALUES (22, 333333334, 900);
INSERT into Funcionario VALUES (23, 333333335, 900);
INSERT into Funcionario VALUES (24, 333333336, 900);
INSERT into Funcionario VALUES (25, 333333337, 900);
INSERT into Funcionario VALUES (26, 333333338, 900);
INSERT into Funcionario VALUES (27, 333333339, 900);
INSERT into Funcionario VALUES (28, 444444441, 900);
INSERT into Funcionario VALUES (29, 444444442, 900);
INSERT into Funcionario VALUES (30, 444444443, 900);
INSERT into Funcionario VALUES (31, 444444445, 900);
INSERT into Funcionario VALUES (32, 444444446, 900);
INSERT into Funcionario VALUES (33, 444444447, 900);


--Centro Comercial e sua Localizacao
INSERT INTO Localizacao VALUES (1, 'Rua Sara Afonso', 'Senhora da Hora', '4460-841');
INSERT INTO CC VALUES (1, 'NorteShopping', 1);

--Pisos
INSERT INTO Piso VALUES (1, 1);
INSERT INTO Piso VALUES (2, 1);
INSERT INTO Piso VALUES (3, 1);

--Seguranca
INSERT INTO Seguranca VALUES (10, 1);
INSERT INTO Seguranca VALUES (11, 2);
INSERT into Seguranca VALUES (12, 3);

--Limpeza
INSERT into Limpeza VALUES (13, 1);
INSERT into Limpeza VALUES (14, 2);
INSERT into Limpeza VALUES (15, 3);

--Horarios
INSERT INTO Horario VALUES (1, 'SEGUNDA-FEIRA', '09:00:00', '22:30:00');
INSERT INTO Horario VALUES (2, 'TERCA-FEIRA', '09:00:00', '22:30:00');
INSERT INTO Horario VALUES (3, 'QUARTA-FEIRA', '09:00:00', '22:30:00');
INSERT INTO Horario VALUES (4, 'QUINTA-FEIRA', '09:00:00', '22:30:00');
INSERT INTO Horario VALUES (5, 'SEXTA-FEIRA', '09:00:00', '23:30:00');
INSERT INTO Horario VALUES (6, 'SABADO', '09:00:00', '23:30:00');
INSERT INTO Horario VALUES (7, 'DOMINGO', '09:00:00', '23:30:00');

INSERT INTO Horario VALUES (8, 'SEGUNDA-FEIRA', '10:00:00', '24:00:00');
INSERT INTO Horario VALUES (9, 'TERCA-FEIRA', '10:00:00', '24:00:00');
INSERT INTO Horario VALUES (10, 'QUARTA-FEIRA', '10:00:00', '24:00:00');
INSERT INTO Horario VALUES (11, 'QUINTA-FEIRA', '10:00:00', '24:00:00');
INSERT INTO Horario VALUES (12, 'SEXTA-FEIRA', '10:00:00', '24:00:00');
INSERT INTO Horario VALUES (13, 'SABADO', '10:00:00', '24:00:00');
INSERT INTO Horario VALUES (14, 'DOMINGO', '10:00:00', '24:00:00');

INSERT INTO Horario VALUES (15, 'SEGUNDA-FEIRA', '08:30:00', '18:30:00');
INSERT INTO Horario VALUES (16, 'TERCA-FEIRA', '08:30:00', '18:30:00');
INSERT INTO Horario VALUES (17, 'QUARTA-FEIRA', '08:30:00', '18:30:00');
INSERT INTO Horario VALUES (18, 'QUINTA-FEIRA', '08:30:00', '18:30:00');
INSERT INTO Horario VALUES (19, 'SEXTA-FEIRA', '08:30:00', '18:30:00');
INSERT INTO Horario VALUES (20, 'SABADO', '08:30:00', '18:30:00');
INSERT INTO Horario VALUES (21, 'DOMINGO', '08:30:00', '18:30:00');

INSERT INTO Horario VALUES (22, 'SEGUNDA-FEIRA', '14:00:00', '24:00:00');
INSERT INTO Horario VALUES (23, 'TERCA-FEIRA', '14:00:00', '24:00:00');
INSERT INTO Horario VALUES (24, 'QUARTA-FEIRA', '14:00:00', '24:00:00');
INSERT INTO Horario VALUES (25, 'QUINTA-FEIRA', '14:00:00', '24:00:00');
INSERT INTO Horario VALUES (26, 'SEXTA-FEIRA', '14:00:00', '24:00:00');
INSERT INTO Horario VALUES (27, 'SABADO', '14:00:00', '24:00:00');
INSERT INTO Horario VALUES (28, 'DOMINGO', '14:00:00', '24:00:00');

--Horarios dos funcionarios
INSERT INTO HorarioFunc VALUES (1, 1);
INSERT INTO HorarioFunc VALUES (2, 8);
INSERT INTO HorarioFunc VALUES (3, 8);
INSERT INTO HorarioFunc VALUES (4, 1);
INSERT INTO HorarioFunc VALUES (5, 1);
INSERT INTO HorarioFunc VALUES (6, 1);
INSERT INTO HorarioFunc VALUES (7, 1);
INSERT INTO HorarioFunc VALUES (8, 1);
INSERT INTO HorarioFunc VALUES (9, 8);
INSERT INTO HorarioFunc VALUES (16, 15);
INSERT INTO HorarioFunc VALUES (16, 16);
INSERT INTO HorarioFunc VALUES (16, 17);
INSERT INTO HorarioFunc VALUES (16, 18);
INSERT INTO HorarioFunc VALUES (16, 19);
INSERT INTO HorarioFunc VALUES (16, 20);
INSERT INTO HorarioFunc VALUES (16, 21);
INSERT INTO HorarioFunc VALUES (17, 15);
INSERT INTO HorarioFunc VALUES (17, 16);
INSERT INTO HorarioFunc VALUES (17, 17);
INSERT INTO HorarioFunc VALUES (17, 18);
INSERT INTO HorarioFunc VALUES (17, 19);
INSERT INTO HorarioFunc VALUES (17, 20);
INSERT INTO HorarioFunc VALUES (17, 21);
INSERT INTO HorarioFunc VALUES (18, 15);
INSERT INTO HorarioFunc VALUES (18, 16);
INSERT INTO HorarioFunc VALUES (18, 17);
INSERT INTO HorarioFunc VALUES (18, 18);
INSERT INTO HorarioFunc VALUES (18, 19);
INSERT INTO HorarioFunc VALUES (18, 20);
INSERT INTO HorarioFunc VALUES (18, 21);
INSERT INTO HorarioFunc VALUES (19, 15);
INSERT INTO HorarioFunc VALUES (19, 16);
INSERT INTO HorarioFunc VALUES (19, 17);
INSERT INTO HorarioFunc VALUES (19, 18);
INSERT INTO HorarioFunc VALUES (19, 19);
INSERT INTO HorarioFunc VALUES (19, 20);
INSERT INTO HorarioFunc VALUES (19, 21);
INSERT INTO HorarioFunc VALUES (20, 15);
INSERT INTO HorarioFunc VALUES (20, 16);
INSERT INTO HorarioFunc VALUES (20, 17);
INSERT INTO HorarioFunc VALUES (20, 18);
INSERT INTO HorarioFunc VALUES (20, 19);
INSERT INTO HorarioFunc VALUES (20, 20);
INSERT INTO HorarioFunc VALUES (20, 21);
INSERT INTO HorarioFunc VALUES (21, 15);
INSERT INTO HorarioFunc VALUES (21, 16);
INSERT INTO HorarioFunc VALUES (21, 17);
INSERT INTO HorarioFunc VALUES (21, 18);
INSERT INTO HorarioFunc VALUES (21, 19);
INSERT INTO HorarioFunc VALUES (21, 20);
INSERT INTO HorarioFunc VALUES (21, 21);
INSERT INTO HorarioFunc VALUES (22, 15);
INSERT INTO HorarioFunc VALUES (22, 16);
INSERT INTO HorarioFunc VALUES (22, 17);
INSERT INTO HorarioFunc VALUES (22, 18);
INSERT INTO HorarioFunc VALUES (22, 19);
INSERT INTO HorarioFunc VALUES (22, 20);
INSERT INTO HorarioFunc VALUES (22, 21);
INSERT INTO HorarioFunc VALUES (23, 15);
INSERT INTO HorarioFunc VALUES (23, 16);
INSERT INTO HorarioFunc VALUES (23, 17);
INSERT INTO HorarioFunc VALUES (23, 18);
INSERT INTO HorarioFunc VALUES (23, 19);
INSERT INTO HorarioFunc VALUES (23, 20);
INSERT INTO HorarioFunc VALUES (23, 21);
INSERT INTO HorarioFunc VALUES (24, 15);
INSERT INTO HorarioFunc VALUES (24, 16);
INSERT INTO HorarioFunc VALUES (24, 17);
INSERT INTO HorarioFunc VALUES (24, 18);
INSERT INTO HorarioFunc VALUES (24, 19);
INSERT INTO HorarioFunc VALUES (24, 20);
INSERT INTO HorarioFunc VALUES (24, 21);
INSERT INTO HorarioFunc VALUES (25, 22);
INSERT INTO HorarioFunc VALUES (25, 23);
INSERT INTO HorarioFunc VALUES (25, 24);
INSERT INTO HorarioFunc VALUES (25, 25);
INSERT INTO HorarioFunc VALUES (25, 26);
INSERT INTO HorarioFunc VALUES (25, 27);
INSERT INTO HorarioFunc VALUES (25, 28);
INSERT INTO HorarioFunc VALUES (26, 22);
INSERT INTO HorarioFunc VALUES (26, 23);
INSERT INTO HorarioFunc VALUES (26, 24);
INSERT INTO HorarioFunc VALUES (26, 25);
INSERT INTO HorarioFunc VALUES (26, 26);
INSERT INTO HorarioFunc VALUES (26, 27);
INSERT INTO HorarioFunc VALUES (26, 28);
INSERT INTO HorarioFunc VALUES (27, 22);
INSERT INTO HorarioFunc VALUES (27, 23);
INSERT INTO HorarioFunc VALUES (27, 24);
INSERT INTO HorarioFunc VALUES (27, 25);
INSERT INTO HorarioFunc VALUES (27, 26);
INSERT INTO HorarioFunc VALUES (27, 27);
INSERT INTO HorarioFunc VALUES (27, 28);
INSERT INTO HorarioFunc VALUES (28, 22);
INSERT INTO HorarioFunc VALUES (28, 23);
INSERT INTO HorarioFunc VALUES (28, 24);
INSERT INTO HorarioFunc VALUES (28, 25);
INSERT INTO HorarioFunc VALUES (28, 26);
INSERT INTO HorarioFunc VALUES (28, 27);
INSERT INTO HorarioFunc VALUES (28, 28);
INSERT INTO HorarioFunc VALUES (29, 22);
INSERT INTO HorarioFunc VALUES (29, 23);
INSERT INTO HorarioFunc VALUES (29, 24);
INSERT INTO HorarioFunc VALUES (29, 25);
INSERT INTO HorarioFunc VALUES (29, 26);
INSERT INTO HorarioFunc VALUES (29, 27);
INSERT INTO HorarioFunc VALUES (29, 28);
INSERT INTO HorarioFunc VALUES (30, 22);
INSERT INTO HorarioFunc VALUES (30, 23);
INSERT INTO HorarioFunc VALUES (30, 24);
INSERT INTO HorarioFunc VALUES (30, 25);
INSERT INTO HorarioFunc VALUES (30, 26);
INSERT INTO HorarioFunc VALUES (30, 27);
INSERT INTO HorarioFunc VALUES (30, 28);
INSERT INTO HorarioFunc VALUES (31, 22);
INSERT INTO HorarioFunc VALUES (31, 23);
INSERT INTO HorarioFunc VALUES (31, 24);
INSERT INTO HorarioFunc VALUES (31, 25);
INSERT INTO HorarioFunc VALUES (31, 26);
INSERT INTO HorarioFunc VALUES (31, 27);
INSERT INTO HorarioFunc VALUES (31, 28);
INSERT INTO HorarioFunc VALUES (32, 22);
INSERT INTO HorarioFunc VALUES (32, 23);
INSERT INTO HorarioFunc VALUES (32, 24);
INSERT INTO HorarioFunc VALUES (32, 25);
INSERT INTO HorarioFunc VALUES (32, 26);
INSERT INTO HorarioFunc VALUES (32, 27);
INSERT INTO HorarioFunc VALUES (32, 28);
INSERT INTO HorarioFunc VALUES (33, 22);
INSERT INTO HorarioFunc VALUES (33, 23);
INSERT INTO HorarioFunc VALUES (33, 24);
INSERT INTO HorarioFunc VALUES (33, 25);
INSERT INTO HorarioFunc VALUES (33, 26);
INSERT INTO HorarioFunc VALUES (33, 27);
INSERT INTO HorarioFunc VALUES (33, 28);

--Lojas
INSERT INTO Loja VALUES (1, 'Primark', 1, 1);
INSERT INTO Loja VALUES (2, 'McDonalds', 2, 2);
INSERT into Loja VALUES (3, 'Bodegao', 1, 3);
INSERT into Loja VALUES (4, 'Zara', 3, 4);
INSERT INTO Loja VALUES (5, 'Aldo', 2, 5);
INSERT into Loja VALUES (6, 'Adidas', 2, 6);
INSERT INTO Loja VALUES (7, 'Note', 1, 7);
INSERT INTO Loja VALUES (8, 'BlueBird', 2, 8);
INSERT INTO Loja VALUES (9, 'Continente', 3, 9);

--Horarios das lojas
INSERT INTO HorarioLoja VALUES (1, 1);
INSERT INTO HorarioLoja VALUES (1, 2);
INSERT INTO HorarioLoja VALUES (1, 3);
INSERT INTO HorarioLoja VALUES (1, 4);
INSERT INTO HorarioLoja VALUES (1, 5);
INSERT INTO HorarioLoja VALUES (1, 6);
INSERT INTO HorarioLoja VALUES (1, 7);
INSERT INTO HorarioLoja VALUES (2, 8);
INSERT INTO HorarioLoja VALUES (2, 9);
INSERT INTO HorarioLoja VALUES (2, 10);
INSERT INTO HorarioLoja VALUES (2, 11);
INSERT INTO HorarioLoja VALUES (2, 12);
INSERT INTO HorarioLoja VALUES (2, 13);
INSERT INTO HorarioLoja VALUES (2, 14);
INSERT INTO HorarioLoja VALUES (3, 8);
INSERT INTO HorarioLoja VALUES (3, 9);
INSERT INTO HorarioLoja VALUES (3, 10);
INSERT INTO HorarioLoja VALUES (3, 11);
INSERT INTO HorarioLoja VALUES (3, 12);
INSERT INTO HorarioLoja VALUES (3, 13);
INSERT INTO HorarioLoja VALUES (3, 14);
INSERT INTO HorarioLoja VALUES (4, 1);
INSERT INTO HorarioLoja VALUES (4, 2);
INSERT INTO HorarioLoja VALUES (4, 3);
INSERT INTO HorarioLoja VALUES (4, 4);
INSERT INTO HorarioLoja VALUES (4, 5);
INSERT INTO HorarioLoja VALUES (4, 6);
INSERT INTO HorarioLoja VALUES (4, 7);
INSERT INTO HorarioLoja VALUES (5, 1);
INSERT INTO HorarioLoja VALUES (5, 2);
INSERT INTO HorarioLoja VALUES (5, 3);
INSERT INTO HorarioLoja VALUES (5, 4);
INSERT INTO HorarioLoja VALUES (5, 5);
INSERT INTO HorarioLoja VALUES (5, 6);
INSERT INTO HorarioLoja VALUES (5, 7);
INSERT INTO HorarioLoja VALUES (6, 1);
INSERT INTO HorarioLoja VALUES (6, 2);
INSERT INTO HorarioLoja VALUES (6, 3);
INSERT INTO HorarioLoja VALUES (6, 4);
INSERT INTO HorarioLoja VALUES (6, 5);
INSERT INTO HorarioLoja VALUES (6, 6);
INSERT INTO HorarioLoja VALUES (6, 7);
INSERT INTO HorarioLoja VALUES (7, 1);
INSERT INTO HorarioLoja VALUES (7, 2);
INSERT INTO HorarioLoja VALUES (7, 3);
INSERT INTO HorarioLoja VALUES (7, 4);
INSERT INTO HorarioLoja VALUES (7, 5);
INSERT INTO HorarioLoja VALUES (7, 6);
INSERT INTO HorarioLoja VALUES (7, 7);
INSERT INTO HorarioLoja VALUES (8, 1);
INSERT INTO HorarioLoja VALUES (8, 2);
INSERT INTO HorarioLoja VALUES (8, 3);
INSERT INTO HorarioLoja VALUES (8, 4);
INSERT INTO HorarioLoja VALUES (8, 5);
INSERT INTO HorarioLoja VALUES (8, 6);
INSERT INTO HorarioLoja VALUES (8, 7);
INSERT INTO HorarioLoja VALUES (9, 8);
INSERT INTO HorarioLoja VALUES (9, 9);
INSERT INTO HorarioLoja VALUES (9, 10);
INSERT INTO HorarioLoja VALUES (9, 11);
INSERT INTO HorarioLoja VALUES (9, 12);
INSERT INTO HorarioLoja VALUES (9, 13);
INSERT INTO HorarioLoja VALUES (9, 14);

--Empregados de Loja
INSERT into EmpregadoLoja VALUES (1, 1);
INSERT INTO EmpregadoLoja VALUES (2, 2);
INSERT INTO EmpregadoLoja VALUES (3, 3);
INSERT INTO EmpregadoLoja VALUES (4, 4);
INSERT INTO EmpregadoLoja VALUES (5, 5);
INSERT INTO EmpregadoLoja VALUES (6, 6);
INSERT INTO EmpregadoLoja VALUES (7, 7);
INSERT INTO EmpregadoLoja VALUES (8, 8);
INSERT INTO EmpregadoLoja VALUES (9, 9);
INSERT into EmpregadoLoja VALUES (16, 1);
INSERT into EmpregadoLoja VALUES (17, 1);
INSERT into EmpregadoLoja VALUES (18, 2);
INSERT into EmpregadoLoja VALUES (19, 2);
INSERT INTO EmpregadoLoja VALUES (20, 3);
INSERT INTO EmpregadoLoja VALUES (21, 3);
INSERT INTO EmpregadoLoja VALUES (22, 4);
INSERT INTO EmpregadoLoja VALUES (23, 4);
INSERT INTO EmpregadoLoja VALUES (24, 5);
INSERT INTO EmpregadoLoja VALUES (25, 5);
INSERT INTO EmpregadoLoja VALUES (26, 6);
INSERT INTO EmpregadoLoja VALUES (27, 6);
INSERT INTO EmpregadoLoja VALUES (28, 7);
INSERT INTO EmpregadoLoja VALUES (29, 7);
INSERT INTO EmpregadoLoja VALUES (30, 8);
INSERT INTO EmpregadoLoja VALUES (31, 8);
INSERT INTO EmpregadoLoja VALUES (32, 9);
INSERT INTO EmpregadoLoja VALUES (33, 9);

--Categorias
INSERT INTO Categoria VALUES (1, 'Acessorios de Moda');
INSERT INTO Categoria VALUES (2, 'Brinquedos');
INSERT INTO Categoria VALUES (3, 'Desporto');
INSERT INTO Categoria VALUES (4, 'Hipermercado');
INSERT INTO Categoria VALUES (5, 'Eletrodomesticos');
INSERT INTO Categoria VALUES (6, 'Vestuario');
INSERT INTO Categoria VALUES (7, 'Ourivesaria');
INSERT INTO Categoria VALUES (8, 'Papelaria');
INSERT INTO Categoria VALUES (9, 'Restauracao');
INSERT INTO Categoria VALUES (10, 'Sapataria');

--Correspondencia entre Lojas e respetivas Categorias
INSERT INTO Corresponde VALUES (1, 1);
INSERT INTO Corresponde VALUES (1, 2);
INSERT INTO Corresponde VALUES (1, 3);
INSERT INTO Corresponde VALUES (1, 6);
INSERT INTO Corresponde VALUES (1, 10);
INSERT INTO Corresponde VALUES (2, 9);
INSERT INTO Corresponde VALUES (3, 9);
INSERT into Corresponde VALUES (4, 1);
INSERT INTO Corresponde VALUES (4, 6);
INSERT into Corresponde VALUES (5, 10);
INSERT into Corresponde VALUES (6, 10);
INSERT INTO Corresponde VALUES (7, 8);
INSERT INTO Corresponde VALUES (8, 7);
INSERT INTO Corresponde VALUES (9, 4);

--Tipo
INSERT into Tipo VALUES (1, 'roupa de homem');
INSERT into Tipo VALUES (2, 'material escolar');
INSERT into Tipo VALUES (3, 'roupa interior');
INSERT INto Tipo VALUES (4, 'bijutaria');
INSERT into Tipo VALUES (5, 'carne');
INSERT INto Tipo VALUES (6, 'roupa de mulher');
INSERT INTO Tipo VALUES (7, 'sapatos de mulher');
INSERT INTO Tipo VALUES (8, 'sapatos de homem');
INSERT INTO Tipo VALUES (9, 'saladas');
INSERT INTO Tipo VALUES (10, 'livro');
INSERT INTO Tipo VALUES (11, 'laticineos');
INSERT INTO Tipo VALUES (12, 'mercearias');

--Produto
INSERT into Produto VALUES (1, 'Casaco', 20, 20.99, 1, 1);
INSERT INTO Produto VALUES (2, 'Chinelos', 50, 2.5, 7, 1);
INSERT INTO Produto VALUES (3, 'Big Mac', 6, 4.75, 5, 2);
INSERT INTO Produto VALUES (4, 'Salada Mista', 8, 7.66, 9, 2);
INSERT INTO Produto VALUES (5, 'Frango da Guia', 5, 16.95, 5, 3);
INSERT INTO Produto VALUES (6, 'Camisola xadrez', 45, 19.99, 6, 4);
INSERT INTO Produto VALUES (7, 'Pulseira de pe', 25, 5.99, 4, 4);
INSERT INTO Produto VALUES (8, 'Sandalia', 13, 36.99, 7, 5);
INSERT INTO Produto VALUES (9, 'Bota', 30, 45.99, 8, 5);
INSERT INTO Produto VALUES (10, 'Sapatos Superstar', 120, 99.95, 7, 6);
INSERT INTO Produto VALUES (11, 'Sapatos Gazelle Indoor', 150, 99.95, 8, 6);
INSERT INTO Produto VALUES (12, 'Caderno Quadriculado', 120, 2.55, 2, 7);
INSERT INTO Produto VALUES (13, 'A Rapariga Inglesa', 60, 10.62, 10, 7);
INSERT INTO Produto VALUES (14, 'Relogio Ice Fantasia', 90, 89.00, 4, 8);
INSERT INTO Produto VALUES (15, 'Brincos Blush', 15, 119.00, 4, 8);
INSERT INTO Produto VALUES (16, 'Leite', 200, 0.5, 11, 9);
INSERT INTO Produto VALUES (17, 'Massa', 130, 0.3, 12, 9);

--Compras
INSERT INTO Compra VALUES (1, '20-01-03', '11:30:05', 41.98, 666666666);
INSERT INTO Compra VALUES (2, '20-02-16', '15:45:19', 89.00, 777777777);
INSERT INTO Compra VALUES (3, '20-02-25', '16:25:00', 99.95, 888888888);
INSERT INTO Compra VALUES (4, '20-03-01', '18:26:15', 6.00, 999999999);
INSERT INTO Compra VALUES (5, '20-03-03', '16:18:56', 7.65, 111111112);
INSERT INTO Compra VALUES (6, '20-03-15', '19:15:45', 5.99, 111111115);
INSERT INTO Compra VALUES (7, '20-01-03', '15:36:16', 4.75, 666666666);
INSERT INTO Compra VALUES (8, '20-03-25', '16:11:15', 36.99, 777777777);
INSERT INTO Compra VALUES (9, '20-02-02', '20:35:12', 50.85, 888888888);
INSERT INTO Compra VALUES (10, '20-03-01', '22:35:15', 4.75, 999999999);

--Efetuado
INSERT into Efetuado VALUES (1, 1, 2);
INSERT INTO Efetuado VALUES (2, 14, 1);
INSERT INTO Efetuado VALUES (3, 10, 1);
INSERT INTO Efetuado VALUES (4, 16, 12);
INSERT INTO Efetuado VALUES (5, 12, 3);
INSERT INTO Efetuado VALUES (6, 7, 1);
INSERT INTO Efetuado VALUES (7, 3, 1);
INSERT INTO Efetuado VALUES (8, 8, 1);
INSERT INTO Efetuado VALUES (9, 5, 3);
INSERT INTO Efetuado VALUES (10, 3, 1);