PRAGMA foreign_keys = ON;

--Pessoas
INSERT INTO Pessoa VALUES (111111111, 'Omari Mclean', '1988-08-09', 931111111, 'omarimclean@gmail.com');
INSERT INTO Pessoa VALUES (222222222, 'Kia Dunlap', '1990-12-25', 932222222, 'kiadunlap@gmail.com');
INSERT INTO Pessoa VALUES (333333333, 'Renzo Hodge', '1966-03-13', 933333333, 'renzohodge@gmail.com');
INSERT INTO Pessoa VALUES (444444444, 'Margaret Dixon', '1978-10-03', 934444444, 'margaretdixon@gmail.com');
INSERT INTO Pessoa VALUES (555555555, 'Aiysha Beil', '1969-02-28', 935555555, 'aiyshabeil@gmail.com');
INSERT INTO Pessoa VALUES (666666666, 'Kaine Hudson', '1930-05-12', 936666666, 'kainehudson@gmail.com');
INSERT INTO Pessoa VALUES (777777777, 'Mercy Williamson', '1942-07-21', 937777777, 'mercywilliamson@gmail.com');
INSERT INTO Pessoa VALUES (888888888, 'Quinn Cousins', '2005-01-31', 938888888, 'quinncousins2gmail.com');
INSERT INTO Pessoa VALUES (999999999, 'Chloe-Louise Garner', '2003-11-13', 939999999, 'chloelouisegarner@gmail.com');
INSERT INTO Pessoa VALUES (111111112, 'Mariella Morales', '1935-07-20', 911111111, 'mariellamorales@gmail.com');
INSERT INTO Pessoa VALUES (111111113, 'Moesha Adkins', '1999-03-12', 912222222, 'moeshaadkins@gmail.com');
INSERT INTO Pessoa VALUES (111111114, 'Hadi Booth', '1965-02-28', 913333333, 'hadibooth@gmail.com'); 
INSERT INTO Pessoa VALUES (111111115, 'Jessica Herring', '1944-01-31', 914444444, 'jessicaherring@gmail.com'); 
INSERT INTO Pessoa VALUES (111111116, 'Shani Weir', '1996-07-01', 915555555, 'shaniweir@gmail.com'); 
INSERT INTo Pessoa VALUES (111111117, 'Darcie Tillman', '1990-04-15', 916666666, 'darcietillman@gmailcom');
INSERT INTO Pessoa VALUES (111111118, 'Robbie Meyers', '1988-06-18', 917777777, 'robbiemeyers@gmail.com');
INSERT INTO Pessoa VALUES (111111119, 'Frederick Livingston', '1974-12-03', 918888888, 'fredericklivingston@gmail.com');
INSERT INTO Pessoa VALUES (222222221, 'Elissa Mcfadden', '1975-11-28', 916666667, 'elissamcfadden@gmail.com'); 
INSERT INTO Pessoa VALUES (222222223, 'Sydney Klein', '1965-05-12', 919999999, 'sydneyklein@gmail.com');
INSERT INTO Pessoa VALUES (222222224, 'Virgil Adam', '1985-11-05', 932111111, 'virgiladam@gmail.com');
INSERT into Pessoa VALUES (222222225, 'Harriet Preece', '1985-05-06', 933111111, 'harrietpreece@sapo.pt');
INSERT into Pessoa VALUES (222222226, 'Korey Sinclair', '1987-09-27', 934111111, 'koreysinclair@gmail.com');
INSERT into Pessoa VALUES (222222227, 'Gertrude Curtis', '1990-04-19', 935111111, 'gertrudecurtis@gmail.com');
INSERT into Pessoa VALUES (222222228, 'Lilia Lyons', '1968-04-28', 936111111, 'lilialyons@gmail.com');
INSERT into Pessoa VALUES (222222229, 'Willis Dotson', '1992-04-20', 937111111, 'willisdotson@gmail.com');
INSERT into Pessoa VALUES (333333331, 'Arthur Mcclain', '1999-05-06', 938111111, 'arthurmcclain@gmail.com');
INSERT into Pessoa VALUES (333333332, 'Angharad Suarez', '1989-09-08', 939111111, 'angharadsuarez@gmail.com');
INSERT into Pessoa VALUES (333333334, 'Issa Jensen', '1997-12-10', 931111112, 'issajensen@gmail.com');
INSERT into Pessoa VALUES (333333335, 'Bea Stafford', '1992-06-07', 931111113, 'beastafford@gmail.com');
INSERT into Pessoa VALUES (333333336, 'Leonardo Daugherty', '1993-09-10', 931111114, 'leonardodaugherty@gmail.com');
INSERT into Pessoa VALUES (333333337, 'Umaiza Farrell', '1992-12-18', 931111115, 'umaizafarrell@gmail.com');
INSERT into Pessoa VALUES (333333338, 'Roksana Povey', '1991-10-03', 931111116, 'roksanapovey@gmail.com');
INSERT into Pessoa VALUES (333333339, 'Jarred Cochran', '1990-05-05', 931111117, 'jarredcochran@gmail.com');
INSERT into Pessoa VALUES (444444441, 'Elyse Dodd', '1990-06-06', 931111118, 'elysedodd@gmail.com');
INSERT into Pessoa VALUES (444444442, 'Leticia Peck', '1993-05-08', 931111119, 'leticiapeck@gmail.com');
INSERT into Pessoa VALUES (444444443, 'Cinar Ayala', '1998-10-01', 921111111, 'cinarayala@gmail.com');
INSERT into Pessoa VALUES (444444445, 'Faraz Smyth', '1999-11-06', 922222222, 'farazsmyth@gmail.com');
INSERT into Pessoa VALUES (444444446, 'Emil Schaefer', '1980-09-09', 923333333, 'emilschaefer@gmail.com');
INSERT into Pessoa VALUES (444444447, 'Sanaa Lara', '1978-03-03', 924444444, 'sanaalara@gmail.com');
INSERT INTO Pessoa VALUES (555555551, 'Pamela Hagan', '1990-09-12', 925555555, 'pamelahagan@sapo.pt');
INSERT into Pessoa values (555555552, 'Inigo Goodman', '1964-12-31', 926666666, 'inigogoodman@sapo.pt');
insert into Pessoa VALUES (555555553, 'Edmund Emery', '1985-04-19', 927777777, 'edmundemery@gmail.com');
insert into Pessoa values (555555554, 'Brody Dupont', '1955-11-14', 928888888, 'brodydupont@sapo.pt');
insert INTO Pessoa values (555555556, 'Aleksandra Crowther', '1980-07-05', 929999999, 'aleksandracrowther@sapo.pt');
insert into Pessoa values (555555557, 'Joshua Evans', '1974-04-15', 921111112, 'joshuaevans@gmail.com');
                           
                           
--Clientes
INSERT INTO Cliente VALUES (666666666);
INSERT into Cliente VALUES (777777777);
INSERT INto Cliente VALUES (888888888);
INSERT INTO Cliente VALUES (999999999);
INSERT INTO Cliente VALUES (111111112);
INSERT INTO Cliente VALUES (111111115);

--Funcionarios
INSERT INTO Funcionario VALUES (111111111, 1100);
INSERT INTO Funcionario VALUES (444444444, 999);
INSERT INTO Funcionario VALUES (111111118, 856);
INSERT INTO Funcionario VALUES (111111113, 874);
INSERT INTO Funcionario VALUES (222222221, 1111);
INSERT INTO Funcionario VALUES (111111114, 756);
INSERT INTO Funcionario VALUES (222222224, 800);
INSERT INTO Funcionario VALUES (111111117, 988);
INSERT INTO Funcionario VALUES (222222223, 1000);
INSERT into Funcionario VALUES (333333333, 1020);
INSERT INTO Funcionario VALUES (555555555, 856);
INSERT into Funcionario VALUES (222222225, 1225);
INSERT INTO Funcionario VALUES (111111119, 900);
INSERT into Funcionario VALUES (222222222, 900);
INSERT into Funcionario VALUES (111111116, 900);
INSERT into Funcionario VALUES (222222226, 900);
INSERT into Funcionario VALUES (222222227, 900);
INSERT into Funcionario VALUES (222222228, 900);
INSERT into Funcionario VALUES (222222229, 900);
INSERT into Funcionario VALUES (333333331, 900);
INSERT into Funcionario VALUES (333333332, 900);
INSERT into Funcionario VALUES (333333334, 900);
INSERT into Funcionario VALUES (333333335, 900);
INSERT into Funcionario VALUES (333333336, 900);
INSERT into Funcionario VALUES (333333337, 900);
INSERT into Funcionario VALUES (333333338, 900);
INSERT into Funcionario VALUES (333333339, 900);
INSERT into Funcionario VALUES (444444441, 900);
INSERT into Funcionario VALUES (444444442, 900);
INSERT into Funcionario VALUES (444444443, 900);
INSERT into Funcionario VALUES (444444445, 900);
INSERT into Funcionario VALUES (444444446, 900);
INSERT into Funcionario VALUES (444444447, 900);
insert into Funcionario VALUES (555555551, 875);
insert into Funcionario VALUES (555555552, 875);
insert into Funcionario VALUES (555555553, 875);
insert into Funcionario VALUES (555555554, 875);
insert into Funcionario VALUES (555555556, 875);
insert into Funcionario VALUES (555555557, 875);

--Centro Comercial e sua Localizacao
INSERT INTO Localizacao VALUES (1, 'Rua Sara Afonso', 'Senhora da Hora', '4460-841');
INSERT INTO CC VALUES (1, 'NorteShopping', 1);

--Pisos
INSERT INTO Piso VALUES (1, 1);
INSERT INTO Piso VALUES (2, 1);
INSERT INTO Piso VALUES (3, 1);

--Seguranca
INSERT INTO Seguranca VALUES (333333333, 1);
INSERt into Seguranca VALUES (555555551, 1);
insert INTO Seguranca VALUES (555555552, 1);
INSERT INTO Seguranca VALUES (555555555, 2);
insert into Seguranca values (555555553, 2);
insert into Seguranca VALUES (555555554, 2);
insert into Seguranca VALUES (555555556, 3);
insert into Seguranca values (555555557, 3);
INSERT into Seguranca VALUES (222222225, 3);


--Limpeza
INSERT into Limpeza VALUES (111111119, 1);
INSERT into Limpeza VALUES (222222222, 2);
INSERT into Limpeza VALUES (111111116, 3);

--Horarios
INSERT INTO Horario VALUES (1, 'SEGUNDA-FEIRA', '09:00:00', '22:30:00');
INSERT INTO Horario VALUES (2, 'TERCA-FEIRA', '09:00:00', '22:30:00');
INSERT INTO Horario VALUES (3, 'QUARTA-FEIRA', '09:00:00', '22:30:00');
INSERT INTO Horario VALUES (4, 'QUINTA-FEIRA', '09:00:00', '22:30:00');
INSERT INTO Horario VALUES (5, 'SEXTA-FEIRA', '09:00:00', '23:30:00');
INSERT INTO Horario VALUES (6, 'SABADO', '09:00:00', '23:30:00');
INSERT INTO Horario VALUES (7, 'DOMINGO', '09:00:00', '23:30:00');

INSERT INTO Horario VALUES (8, 'SEGUNDA-FEIRA', '10:00:00', '24:00:00');
INSERT INTO Horario VALUES (9, 'TERCA-FEIRA', '10:00:00', '24:00:00');
INSERT INTO Horario VALUES (10, 'QUARTA-FEIRA', '10:00:00', '24:00:00');
INSERT INTO Horario VALUES (11, 'QUINTA-FEIRA', '10:00:00', '24:00:00');
INSERT INTO Horario VALUES (12, 'SEXTA-FEIRA', '10:00:00', '24:00:00');
INSERT INTO Horario VALUES (13, 'SABADO', '10:00:00', '24:00:00');
INSERT INTO Horario VALUES (14, 'DOMINGO', '10:00:00', '24:00:00');

INSERT INTO Horario VALUES (15, 'SEGUNDA-FEIRA', '08:30:00', '18:30:00');
INSERT INTO Horario VALUES (16, 'TERCA-FEIRA', '08:30:00', '18:30:00');
INSERT INTO Horario VALUES (17, 'QUARTA-FEIRA', '08:30:00', '18:30:00');
INSERT INTO Horario VALUES (18, 'QUINTA-FEIRA', '08:30:00', '18:30:00');
INSERT INTO Horario VALUES (19, 'SEXTA-FEIRA', '08:30:00', '18:30:00');
INSERT INTO Horario VALUES (20, 'SABADO', '08:30:00', '18:30:00');
INSERT INTO Horario VALUES (21, 'DOMINGO', '08:30:00', '18:30:00');

INSERT INTO Horario VALUES (22, 'SEGUNDA-FEIRA', '14:00:00', '24:00:00');
INSERT INTO Horario VALUES (23, 'TERCA-FEIRA', '14:00:00', '24:00:00');
INSERT INTO Horario VALUES (24, 'QUARTA-FEIRA', '14:00:00', '24:00:00');
INSERT INTO Horario VALUES (25, 'QUINTA-FEIRA', '14:00:00', '24:00:00');
INSERT INTO Horario VALUES (26, 'SEXTA-FEIRA', '14:00:00', '24:00:00');
INSERT INTO Horario VALUES (27, 'SABADO', '14:00:00', '24:00:00');
INSERT INTO Horario VALUES (28, 'DOMINGO', '14:00:00', '24:00:00');

--Horarios dos Gerentes
INSERT INTO HorarioFunc VALUES (111111111, 15);
INSERT into HorarioFunc values (111111111, 20);
INSERT INTO HorarioFunc VALUES (444444444, 23);
INSERT INTO HorarioFunc VALUES (111111118, 25);
insert into HorarioFunc Values (111111118, 27);
INSERT INTO HorarioFunc VALUES (111111113, 19);
INSERT INTO HorarioFunc VALUES (222222221, 21);
INSERT INTO HorarioFunc VALUES (111111114, 23);
insert into HorarioFunc VALUES (111111114, 24);
INSERT INTO HorarioFunc VALUES (222222224, 15);
insert into HorarioFunc Values (222222224, 27);
INSERT INTO HorarioFunc VALUES (111111117, 26);
INSERT INTO HorarioFunc VALUES (222222223, 21);
--Horarios dos Empregados de Loja
INSERT INTO HorarioFunc VALUES (222222226, 15);
INSERT INTO HorarioFunc VALUES (222222226, 16);
INSERT INTO HorarioFunc VALUES (222222226, 17);
INSERT INTO HorarioFunc VALUES (222222226, 18);
INSERT INTO HorarioFunc VALUES (222222226, 19);
INSERT INTO HorarioFunc VALUES (222222226, 20);
INSERT INTO HorarioFunc VALUES (222222226, 21);
INSERT INTO HorarioFunc VALUES (222222227, 15);
INSERT INTO HorarioFunc VALUES (222222227, 16);
INSERT INTO HorarioFunc VALUES (222222227, 17);
INSERT INTO HorarioFunc VALUES (222222227, 18);
INSERT INTO HorarioFunc VALUES (222222227, 19);
INSERT INTO HorarioFunc VALUES (222222227, 20);
INSERT INTO HorarioFunc VALUES (222222227, 21);
INSERT INTO HorarioFunc VALUES (222222228, 15);
INSERT INTO HorarioFunc VALUES (222222228, 16);
INSERT INTO HorarioFunc VALUES (222222228, 17);
INSERT INTO HorarioFunc VALUES (222222228, 18);
INSERT INTO HorarioFunc VALUES (222222228, 19);
INSERT INTO HorarioFunc VALUES (222222228, 20);
INSERT INTO HorarioFunc VALUES (222222228, 21);
INSERT INTO HorarioFunc VALUES (222222229, 15);
INSERT INTO HorarioFunc VALUES (222222229, 16);
INSERT INTO HorarioFunc VALUES (222222229, 17);
INSERT INTO HorarioFunc VALUES (222222229, 18);
INSERT INTO HorarioFunc VALUES (222222229, 19);
INSERT INTO HorarioFunc VALUES (222222229, 20);
INSERT INTO HorarioFunc VALUES (222222229, 21);
INSERT INTO HorarioFunc VALUES (333333331, 15);
INSERT INTO HorarioFunc VALUES (333333331, 16);
INSERT INTO HorarioFunc VALUES (333333331, 17);
INSERT INTO HorarioFunc VALUES (333333331, 18);
INSERT INTO HorarioFunc VALUES (333333331, 19);
INSERT INTO HorarioFunc VALUES (333333331, 20);
INSERT INTO HorarioFunc VALUES (333333331, 21);
INSERT INTO HorarioFunc VALUES (333333332, 15);
INSERT INTO HorarioFunc VALUES (333333332, 16);
INSERT INTO HorarioFunc VALUES (333333332, 17);
INSERT INTO HorarioFunc VALUES (333333332, 18);
INSERT INTO HorarioFunc VALUES (333333332, 19);
INSERT INTO HorarioFunc VALUES (333333332, 20);
INSERT INTO HorarioFunc VALUES (333333332, 21);
INSERT INTO HorarioFunc VALUES (333333334, 15);
INSERT INTO HorarioFunc VALUES (333333334, 16);
INSERT INTO HorarioFunc VALUES (333333334, 17);
INSERT INTO HorarioFunc VALUES (333333334, 18);
INSERT INTO HorarioFunc VALUES (333333334, 19);
INSERT INTO HorarioFunc VALUES (333333334, 20);
INSERT INTO HorarioFunc VALUES (333333334, 21);
INSERT INTO HorarioFunc VALUES (333333335, 15);
INSERT INTO HorarioFunc VALUES (333333335, 16);
INSERT INTO HorarioFunc VALUES (333333335, 17);
INSERT INTO HorarioFunc VALUES (333333335, 18);
INSERT INTO HorarioFunc VALUES (333333335, 19);
INSERT INTO HorarioFunc VALUES (333333335, 20);
INSERT INTO HorarioFunc VALUES (333333335, 21);
INSERT INTO HorarioFunc VALUES (333333336, 15);
INSERT INTO HorarioFunc VALUES (333333336, 16);
INSERT INTO HorarioFunc VALUES (333333336, 17);
INSERT INTO HorarioFunc VALUES (333333336, 18);
INSERT INTO HorarioFunc VALUES (333333336, 19);
INSERT INTO HorarioFunc VALUES (333333336, 20);
INSERT INTO HorarioFunc VALUES (333333336, 21);
INSERT INTO HorarioFunc VALUES (333333337, 22);
INSERT INTO HorarioFunc VALUES (333333337, 23);
INSERT INTO HorarioFunc VALUES (333333337, 24);
INSERT INTO HorarioFunc VALUES (333333337, 25);
INSERT INTO HorarioFunc VALUES (333333337, 26);
INSERT INTO HorarioFunc VALUES (333333337, 27);
INSERT INTO HorarioFunc VALUES (333333337, 28);
INSERT INTO HorarioFunc VALUES (333333338, 22);
INSERT INTO HorarioFunc VALUES (333333338, 23);
INSERT INTO HorarioFunc VALUES (333333338, 24);
INSERT INTO HorarioFunc VALUES (333333338, 25);
INSERT INTO HorarioFunc VALUES (333333338, 26);
INSERT INTO HorarioFunc VALUES (333333338, 27);
INSERT INTO HorarioFunc VALUES (333333338, 28);
INSERT INTO HorarioFunc VALUES (333333339, 22);
INSERT INTO HorarioFunc VALUES (333333339, 23);
INSERT INTO HorarioFunc VALUES (333333339, 24);
INSERT INTO HorarioFunc VALUES (333333339, 25);
INSERT INTO HorarioFunc VALUES (333333339, 26);
INSERT INTO HorarioFunc VALUES (333333339, 27);
INSERT INTO HorarioFunc VALUES (333333339, 28);
INSERT INTO HorarioFunc VALUES (444444441, 22);
INSERT INTO HorarioFunc VALUES (444444441, 23);
INSERT INTO HorarioFunc VALUES (444444441, 24);
INSERT INTO HorarioFunc VALUES (444444441, 25);
INSERT INTO HorarioFunc VALUES (444444441, 26);
INSERT INTO HorarioFunc VALUES (444444441, 27);
INSERT INTO HorarioFunc VALUES (444444441, 28);
INSERT INTO HorarioFunc VALUES (444444442, 22);
INSERT INTO HorarioFunc VALUES (444444442, 23);
INSERT INTO HorarioFunc VALUES (444444442, 24);
INSERT INTO HorarioFunc VALUES (444444442, 25);
INSERT INTO HorarioFunc VALUES (444444442, 26);
INSERT INTO HorarioFunc VALUES (444444442, 27);
INSERT INTO HorarioFunc VALUES (444444442, 28);
INSERT INTO HorarioFunc VALUES (444444443, 22);
INSERT INTO HorarioFunc VALUES (444444443, 23);
INSERT INTO HorarioFunc VALUES (444444443, 24);
INSERT INTO HorarioFunc VALUES (444444443, 25);
INSERT INTO HorarioFunc VALUES (444444443, 26);
INSERT INTO HorarioFunc VALUES (444444443, 27);
INSERT INTO HorarioFunc VALUES (444444443, 28);
INSERT INTO HorarioFunc VALUES (444444445, 22);
INSERT INTO HorarioFunc VALUES (444444445, 23);
INSERT INTO HorarioFunc VALUES (444444445, 24);
INSERT INTO HorarioFunc VALUES (444444445, 25);
INSERT INTO HorarioFunc VALUES (444444445, 26);
INSERT INTO HorarioFunc VALUES (444444445, 27);
INSERT INTO HorarioFunc VALUES (444444445, 28);
INSERT INTO HorarioFunc VALUES (444444446, 22);
INSERT INTO HorarioFunc VALUES (444444446, 23);
INSERT INTO HorarioFunc VALUES (444444446, 24);
INSERT INTO HorarioFunc VALUES (444444446, 25);
INSERT INTO HorarioFunc VALUES (444444446, 26);
INSERT INTO HorarioFunc VALUES (444444446, 27);
INSERT INTO HorarioFunc VALUES (444444446, 28);
INSERT INTO HorarioFunc VALUES (444444447, 22);
INSERT INTO HorarioFunc VALUES (444444447, 23);
INSERT INTO HorarioFunc VALUES (444444447, 24);
INSERT INTO HorarioFunc VALUES (444444447, 25);
INSERT INTO HorarioFunc VALUES (444444447, 26);
INSERT INTO HorarioFunc VALUES (444444447, 27);
INSERT INTO HorarioFunc VALUES (444444447, 28);

--Horarios dos Segurancas
--Piso 1
insert into HorarioFunc VALUES (333333333, 15);
insert into HorarioFunc VALUES (333333333, 23);
insert into HorarioFunc VALUES (333333333, 24);
insert into HorarioFunc VALUES (333333333, 19);
insert into HorarioFunc VALUES (333333333, 27);
INSERT INTO HorarioFunc values (555555551, 16);
INSERT INTO HorarioFunc values (555555551, 17);
INSERT INTO HorarioFunc values (555555551, 18);
INSERT INTO HorarioFunc values (555555551, 21);
insert into HorarioFunc values (555555552, 22);
insert into HorarioFunc values (555555552, 25);
insert into HorarioFunc values (555555552, 26);
insert into HorarioFunc values (555555552, 20);
--Piso 2
insert into HorarioFunc values (555555555, 22);
insert into HorarioFunc values (555555555, 23);
insert into HorarioFunc values (555555555, 24);
insert into HorarioFunc values (555555555, 26);
insert into HorarioFunc values (555555555, 27);
insert into HorarioFunc values (555555555, 28);
insert into HorarioFunc VALUES (555555553, 15);
insert into HorarioFunc VALUES (555555553, 19);
insert into HorarioFunc VALUES (555555553, 25);
insert into HorarioFunc values (555555554, 16);
insert into HorarioFunc values (555555554, 17);
insert into HorarioFunc values (555555554, 18);
insert into HorarioFunc values (555555554, 20);
insert into HorarioFunc values (555555554, 21);
--Piso 3
insert into HorarioFunc values (555555556, 16);
insert into HorarioFunc values (555555556, 17);
insert into HorarioFunc values (555555556, 18);
insert into HorarioFunc values (555555556, 20);
insert into HorarioFunc values (555555557, 15);
insert INTO HorarioFunc values (555555557, 19);
insert into HorarioFunc values (555555557, 26);
insert into HorarioFunc values (555555557, 27);
insert into HorarioFunc values (555555557, 28);
insert INTO HorarioFunc values (222222225, 22);
insert INTO HorarioFunc values (222222225, 23);
insert INTO HorarioFunc values (222222225, 24);
insert INTO HorarioFunc values (222222225, 25);
insert INTO HorarioFunc values (222222225, 21);

--Lojas
INSERT INTO Loja VALUES (1, 'Primark', 1, 111111111);
INSERT INTO Loja VALUES (2, 'McDonalds', 2, 444444444);
INSERT into Loja VALUES (3, 'Bodegao', 1, 111111118);
INSERT into Loja VALUES (4, 'Zara', 3, 111111113);
INSERT INTO Loja VALUES (5, 'Aldo', 2, 222222221);
INSERT into Loja VALUES (6, 'Adidas', 2, 111111114);
INSERT INTO Loja VALUES (7, 'Note', 1, 222222224);
INSERT INTO Loja VALUES (8, 'BlueBird', 2, 111111117);
INSERT INTO Loja VALUES (9, 'Continente', 3, 222222223);

--Horarios das lojas
INSERT INTO HorarioLoja VALUES (1, 1);
INSERT INTO HorarioLoja VALUES (1, 2);
INSERT INTO HorarioLoja VALUES (1, 3);
INSERT INTO HorarioLoja VALUES (1, 4);
INSERT INTO HorarioLoja VALUES (1, 5);
INSERT INTO HorarioLoja VALUES (1, 6);
INSERT INTO HorarioLoja VALUES (1, 7);
INSERT INTO HorarioLoja VALUES (2, 8);
INSERT INTO HorarioLoja VALUES (2, 9);
INSERT INTO HorarioLoja VALUES (2, 10);
INSERT INTO HorarioLoja VALUES (2, 11);
INSERT INTO HorarioLoja VALUES (2, 12);
INSERT INTO HorarioLoja VALUES (2, 13);
INSERT INTO HorarioLoja VALUES (2, 14);
INSERT INTO HorarioLoja VALUES (3, 8);
INSERT INTO HorarioLoja VALUES (3, 9);
INSERT INTO HorarioLoja VALUES (3, 10);
INSERT INTO HorarioLoja VALUES (3, 11);
INSERT INTO HorarioLoja VALUES (3, 12);
INSERT INTO HorarioLoja VALUES (3, 13);
INSERT INTO HorarioLoja VALUES (3, 14);
INSERT INTO HorarioLoja VALUES (4, 1);
INSERT INTO HorarioLoja VALUES (4, 2);
INSERT INTO HorarioLoja VALUES (4, 3);
INSERT INTO HorarioLoja VALUES (4, 4);
INSERT INTO HorarioLoja VALUES (4, 5);
INSERT INTO HorarioLoja VALUES (4, 6);
INSERT INTO HorarioLoja VALUES (4, 7);
INSERT INTO HorarioLoja VALUES (5, 1);
INSERT INTO HorarioLoja VALUES (5, 2);
INSERT INTO HorarioLoja VALUES (5, 3);
INSERT INTO HorarioLoja VALUES (5, 4);
INSERT INTO HorarioLoja VALUES (5, 5);
INSERT INTO HorarioLoja VALUES (5, 6);
INSERT INTO HorarioLoja VALUES (5, 7);
INSERT INTO HorarioLoja VALUES (6, 1);
INSERT INTO HorarioLoja VALUES (6, 2);
INSERT INTO HorarioLoja VALUES (6, 3);
INSERT INTO HorarioLoja VALUES (6, 4);
INSERT INTO HorarioLoja VALUES (6, 5);
INSERT INTO HorarioLoja VALUES (6, 6);
INSERT INTO HorarioLoja VALUES (6, 7);
INSERT INTO HorarioLoja VALUES (7, 1);
INSERT INTO HorarioLoja VALUES (7, 2);
INSERT INTO HorarioLoja VALUES (7, 3);
INSERT INTO HorarioLoja VALUES (7, 4);
INSERT INTO HorarioLoja VALUES (7, 5);
INSERT INTO HorarioLoja VALUES (7, 6);
INSERT INTO HorarioLoja VALUES (7, 7);
INSERT INTO HorarioLoja VALUES (8, 1);
INSERT INTO HorarioLoja VALUES (8, 2);
INSERT INTO HorarioLoja VALUES (8, 3);
INSERT INTO HorarioLoja VALUES (8, 4);
INSERT INTO HorarioLoja VALUES (8, 5);
INSERT INTO HorarioLoja VALUES (8, 6);
INSERT INTO HorarioLoja VALUES (8, 7);
INSERT INTO HorarioLoja VALUES (9, 8);
INSERT INTO HorarioLoja VALUES (9, 9);
INSERT INTO HorarioLoja VALUES (9, 10);
INSERT INTO HorarioLoja VALUES (9, 11);
INSERT INTO HorarioLoja VALUES (9, 12);
INSERT INTO HorarioLoja VALUES (9, 13);
INSERT INTO HorarioLoja VALUES (9, 14);

--Gerentes de Loja
INSERT into EmpregadoLoja VALUES (111111111, 1);
INSERT INTO EmpregadoLoja VALUES (444444444, 2);
INSERT INTO EmpregadoLoja VALUES (111111118, 3);
INSERT INTO EmpregadoLoja VALUES (111111113, 4);
INSERT INTO EmpregadoLoja VALUES (222222221, 5);
INSERT INTO EmpregadoLoja VALUES (111111114, 6);
INSERT INTO EmpregadoLoja VALUES (222222224, 7);
INSERT INTO EmpregadoLoja VALUES (111111117, 8);
INSERT INTO EmpregadoLoja VALUES (222222223, 9);

--Empregados de Loja
INSERT into EmpregadoLoja VALUES (222222226, 1);
INSERT into EmpregadoLoja VALUES (222222227, 1);
INSERT into EmpregadoLoja VALUES (222222228, 2);
INSERT into EmpregadoLoja VALUES (222222229, 2);
INSERT INTO EmpregadoLoja VALUES (333333331, 3);
INSERT INTO EmpregadoLoja VALUES (333333332, 3);
INSERT INTO EmpregadoLoja VALUES (333333334, 4);
INSERT INTO EmpregadoLoja VALUES (333333335, 4);
INSERT INTO EmpregadoLoja VALUES (333333336, 5);
INSERT INTO EmpregadoLoja VALUES (333333337, 5);
INSERT INTO EmpregadoLoja VALUES (333333338, 6);
INSERT INTO EmpregadoLoja VALUES (333333339, 6);
INSERT INTO EmpregadoLoja VALUES (444444441, 7);
INSERT INTO EmpregadoLoja VALUES (444444442, 7);
INSERT INTO EmpregadoLoja VALUES (444444443, 8);
INSERT INTO EmpregadoLoja VALUES (444444445, 8);
INSERT INTO EmpregadoLoja VALUES (444444446, 9);
INSERT INTO EmpregadoLoja VALUES (444444447, 9);

--Categorias
INSERT INTO Categoria VALUES (1, 'Acessorios de Moda');
INSERT INTO Categoria VALUES (2, 'Brinquedos');
INSERT INTO Categoria VALUES (3, 'Desporto');
INSERT INTO Categoria VALUES (4, 'Hipermercado');
INSERT INTO Categoria VALUES (5, 'Eletrodomesticos');
INSERT INTO Categoria VALUES (6, 'Vestuario');
INSERT INTO Categoria VALUES (7, 'Ourivesaria');
INSERT INTO Categoria VALUES (8, 'Papelaria');
INSERT INTO Categoria VALUES (9, 'Restauracao');
INSERT INTO Categoria VALUES (10, 'Sapataria');

--Correspondencia entre Lojas e respetivas Categorias
INSERT INTO Corresponde VALUES (1, 1);
INSERT INTO Corresponde VALUES (1, 2);
INSERT INTO Corresponde VALUES (1, 3);
INSERT INTO Corresponde VALUES (1, 6);
INSERT INTO Corresponde VALUES (1, 10);
INSERT INTO Corresponde VALUES (2, 9);
INSERT INTO Corresponde VALUES (3, 9);
INSERT into Corresponde VALUES (4, 1);
INSERT INTO Corresponde VALUES (4, 6);
INSERT into Corresponde VALUES (5, 10);
INSERT into Corresponde VALUES (6, 10);
INSERT INTO Corresponde VALUES (7, 8);
INSERT INTO Corresponde VALUES (8, 7);
INSERT INTO Corresponde VALUES (9, 4);

--Tipo
INSERT into Tipo VALUES (1, 'roupa de homem');
INSERT into Tipo VALUES (2, 'material escolar');
INSERT into Tipo VALUES (3, 'roupa interior');
INSERT INto Tipo VALUES (4, 'bijutaria');
INSERT into Tipo VALUES (5, 'carne');
INSERT INto Tipo VALUES (6, 'roupa de mulher');
INSERT INTO Tipo VALUES (7, 'sapatos de mulher');
INSERT INTO Tipo VALUES (8, 'sapatos de homem');
INSERT INTO Tipo VALUES (9, 'saladas');
INSERT INTO Tipo VALUES (10, 'livro');
INSERT INTO Tipo VALUES (11, 'laticineos');
INSERT INTO Tipo VALUES (12, 'mercearias');

--Produto
INSERT into Produto VALUES (1, 'Casaco', 20, 20.99, 1, 1);
INSERT INTO Produto VALUES (2, 'Chinelos', 50, 2.5, 7, 1);
INSERT INTO Produto VALUES (3, 'Big Mac', 6, 4.75, 5, 2);
INSERT INTO Produto VALUES (4, 'Salada Mista', 8, 7.66, 9, 2);
INSERT INTO Produto VALUES (5, 'Frango da Guia', 5, 16.95, 5, 3);
INSERT INTO Produto VALUES (6, 'Camisola xadrez', 45, 19.99, 6, 4);
INSERT INTO Produto VALUES (7, 'Pulseira de pe', 25, 5.99, 4, 4);
INSERT INTO Produto VALUES (8, 'Sandalia', 13, 36.99, 7, 5);
INSERT INTO Produto VALUES (9, 'Bota', 30, 45.99, 8, 5);
INSERT INTO Produto VALUES (10, 'Sapatos Superstar', 120, 99.95, 7, 6);
INSERT INTO Produto VALUES (11, 'Sapatos Gazelle Indoor', 150, 99.95, 8, 6);
INSERT INTO Produto VALUES (12, 'Caderno Quadriculado', 120, 2.55, 2, 7);
INSERT INTO Produto VALUES (13, 'A Rapariga Inglesa', 60, 10.62, 10, 7);
INSERT INTO Produto VALUES (14, 'Relogio Ice Fantasia', 90, 89.00, 4, 8);
INSERT INTO Produto VALUES (15, 'Brincos Blush', 15, 119.00, 4, 8);
INSERT INTO Produto VALUES (16, 'Leite', 200, 0.5, 11, 9);
INSERT INTO Produto VALUES (17, 'Massa', 130, 0.3, 12, 9);
INSERT INTO Produto VALUES (18, 'Peito de Frango 2000g', 8, 6, 5, 9);

--Compras
INSERT INTO Compra VALUES (1, '2020-01-03', '11:30:05', 41.98, 666666666);
INSERT INTO Compra VALUES (2, '2020-02-16', '15:45:19', 89.00, 777777777);
INSERT INTO Compra VALUES (3, '2020-02-25', '16:25:00', 99.95, 888888888);
INSERT INTO Compra VALUES (4, '2020-03-01', '18:26:15', 6.00, 999999999);
INSERT INTO Compra VALUES (5, '2020-03-03', '16:18:56', 7.65, 111111112);
INSERT INTO Compra VALUES (6, '2020-03-15', '19:15:45', 5.99, 111111115);
INSERT INTO Compra VALUES (7, '2020-01-03', '15:36:16', 4.75, 666666666);
INSERT INTO Compra VALUES (8, '2020-03-25', '16:11:15', 36.99, 777777777);
INSERT INTO Compra VALUES (9, '2020-02-02', '20:35:12', 50.85, 888888888);
INSERT INTO Compra VALUES (10, '2020-03-01', '22:35:15', 4.75, 999999999);

--Efetuado
INSERT into Efetuado VALUES (1, 1, 1, 2);
INSERT INTO Efetuado VALUES (2, 2, 14, 1);
INSERT INTO Efetuado VALUES (3, 3, 10, 1);
INSERT INTO Efetuado VALUES (4, 4, 16, 12);
INSERT INTO Efetuado VALUES (5, 5, 12, 3);
INSERT INTO Efetuado VALUES (6, 6, 7, 1);
INSERT INTO Efetuado VALUES (7, 7, 3, 1);
INSERT INTO Efetuado VALUES (8, 8, 8, 1);
INSERT INTO Efetuado VALUES (9, 9, 5, 3);
INSERT INTO Efetuado VALUES (10, 10, 3, 1);